angle,magnitude
0,0.918989020851035
20,0.12249655232750001
40,0.62285082956432
60,0.5420967099013843
80,0.6485306662230511
100,0.2162251258097576
120,0.7271037319586852
140,0.30005431808393024
160,0.9758047282968759
180,0.8297860934191847
200,0.06098467779425054
220,0.8229152916139092
240,0.2737518908357248
260,0.562802100032378
280,0.5493908104447655
300,0.697266953570247
320,0.1892105411725411
340,0.60827318700344
